<mxGraphModel dx="800" dy="800" grid="1" guides="1" tooltips="1" connect="1" fold="1" page="1" pageScale="1" pageWidth="826" pageHeight="1169" style="default-style2"><root><mxCell id="0"/><mxCell id="1" parent="0"/><mxCell id="3" value="A11 (7 dni)&#xa;Izdelava podatkovne baze" style="rounded=1;whiteSpace=wrap;fontStyle=0" parent="1" vertex="1"><mxGeometry x="20" y="60" width="120" height="60" as="geometry"/></mxCell><mxCell id="4" value="A12 (2 dni)&#xa;Polnjenje podatkovne baze" style="rounded=1;whiteSpace=wrap" parent="1" vertex="1"><mxGeometry x="180" y="60" width="120" height="60" as="geometry"/></mxCell><mxCell id="5" value="" style="endArrow=block;endFill=1;strokeColor=#FF0000" parent="1" source="3" target="4" edge="1"><mxGeometry relative="1" as="geometry"/></mxCell><mxCell id="6" value="A13 (9 dni)&#xa;Izdelava grobega gr. vmesnika in implemetacija odzivov" style="rounded=1;whiteSpace=wrap" parent="1" vertex="1"><mxGeometry x="100" y="160" width="120" height="70" as="geometry"/></mxCell><mxCell id="7" value="A14 (7 dni)&#xa;Povezava med podatkovno bazo in aplikacijo" style="rounded=1;whiteSpace=wrap" parent="1" vertex="1"><mxGeometry x="360" y="130" width="120" height="60" as="geometry"/></mxCell><mxCell id="8" value="" style="endArrow=block;exitX=1;exitY=0.5;entryX=0;entryY=0.5;endFill=1;strokeColor=#FF0000" parent="1" source="6" target="7" edge="1"><mxGeometry relative="1" as="geometry"/></mxCell><mxCell id="11" value="" style="endArrow=block;exitX=1;exitY=0.5;entryX=0;entryY=0.5;endFill=1;strokeColor=#FF0000" parent="1" source="4" target="7" edge="1"><mxGeometry relative="1" as="geometry"/></mxCell><mxCell id="15" value="A21 (7 dni)&#xa;Izdelava zemljevida" style="rounded=1;whiteSpace=wrap" parent="1" vertex="1"><mxGeometry x="100" y="260" width="120" height="60" as="geometry"/></mxCell><mxCell id="16" value="A22 (7 dni)&#xa;Risanje ikon" style="rounded=1;whiteSpace=wrap" parent="1" vertex="1"><mxGeometry x="100" y="340" width="120" height="60" as="geometry"/></mxCell><mxCell id="17" value="A23 (9 dni)&#xa;Dokončevanje grafičnega vmesnika" style="rounded=1;whiteSpace=wrap" parent="1" vertex="1"><mxGeometry x="360" y="260" width="120" height="60" as="geometry"/></mxCell><mxCell id="18" value="" style="endArrow=block;entryX=0;entryY=0.5;endFill=1" parent="1" source="15" target="17" edge="1"><mxGeometry relative="1" as="geometry"/></mxCell><mxCell id="19" value="" style="endArrow=block;entryX=0;entryY=0.5;endFill=1" parent="1" source="16" target="17" edge="1"><mxGeometry relative="1" as="geometry"/></mxCell><mxCell id="20" value="" style="endArrow=block;entryX=0;entryY=0.5;endFill=1" parent="1" source="6" target="17" edge="1"><mxGeometry relative="1" as="geometry"/></mxCell><mxCell id="21" value="A31 (7 dni)&#xa;Preverjanje rezultatov" style="rounded=1;whiteSpace=wrap" parent="1" vertex="1"><mxGeometry x="540" y="195" width="120" height="60" as="geometry"/></mxCell><mxCell id="22" value="" style="endArrow=block;entryX=0;entryY=0.5;endFill=1;strokeColor=#FF0000" parent="1" source="7" target="21" edge="1"><mxGeometry relative="1" as="geometry"/></mxCell><mxCell id="23" value="" style="endArrow=block;entryX=0;entryY=0.5;endFill=1" parent="1" source="17" target="21" edge="1"><mxGeometry relative="1" as="geometry"/></mxCell><mxCell id="24" value="A32 (7 dni)&#xa;Preverjanje aplikacije na več napravah" style="rounded=1;whiteSpace=wrap" parent="1" vertex="1"><mxGeometry x="710" y="195" width="120" height="60" as="geometry"/></mxCell><mxCell id="25" value="" style="endArrow=block;endFill=1;strokeColor=#FF0000" parent="1" source="21" target="24" edge="1"><mxGeometry relative="1" as="geometry"/></mxCell><mxCell id="26" value="B12 (30 dni)&#xa;Ocena in analiza doseganja rez. in ciljev" style="rounded=1;whiteSpace=wrap" parent="1" vertex="1"><mxGeometry x="880" y="150" width="120" height="60" as="geometry"/></mxCell><mxCell id="27" value="" style="endArrow=block;entryX=0;entryY=0.5;endFill=1;strokeColor=#FF0000" parent="1" source="24" target="26" edge="1"><mxGeometry relative="1" as="geometry"/></mxCell><mxCell id="28" value="B13 (30 dni)&#xa;Informiranje in promocija" style="rounded=1;whiteSpace=wrap" parent="1" vertex="1"><mxGeometry x="880" y="240" width="120" height="60" as="geometry"/></mxCell><mxCell id="29" value="" style="endArrow=block;entryX=0;entryY=0.5;endFill=1" parent="1" source="24" target="28" edge="1"><mxGeometry relative="1" as="geometry"/></mxCell><mxCell id="30" value="B12 (50 dni)&#xa;Projektno vodenje" style="rounded=1;whiteSpace=wrap" parent="1" vertex="1"><mxGeometry x="620" y="300" width="120" height="60" as="geometry"/></mxCell></root></mxGraphModel>